roll_number,a_r,b_r,mu_hat,lambda_hat,c_hat,samples
102303785,0.15000000000000002,0.3,25.804484510102007,0.0014602636800887954,0.02155960031650373,419509
